{
  "best_k": 3,
  "inertias": [
    11036.35574469313,
    5434.101094920995,
    4014.43593030033,
    3150.729076217734,
    2569.829366876852,
    2182.688816849065
  ],
  "sil_scores": [
    0.5600468737095136,
    0.6250019842557012,
    0.5827694630390361,
    0.4500300425337876,
    0.43744307412979305,
    0.4414267556856967
  ],
  "k_range": [
    2,
    3,
    4,
    5,
    6,
    7
  ],
  "feature_names": [
    "total_steps",
    "final_score",
    "foods_eaten",
    "avg_dist_to_food",
    "direction_changes",
    "dead_end_entries",
    "path_optimality",
    "steps_per_food"
  ]
}