maze,avg_score,avg_steps,death_rate,avg_foods_eaten,avg_direction_ch,avg_dead_ends,avg_optimality,avg_steps_per_food,difficulty_score
Maze1_easy.txt,547.1833333333333,1982.46,0.0,54.718333333333334,103.535,0.0,1.0,36.431266666666666,0.2
Maze2_medium.txt,529.8,1981.97,0.0,52.98,158.495,0.0,1.0,37.627633333333335,0.2037
Maze3_medium.txt,389.3,1989.3366666666666,0.0,38.93,172.965,0.0,1.0,51.76298333333334,0.2475
Maze4_hard.txt,81.21666666666667,766.3933333333333,0.0,8.121666666666666,100.84333333333333,0.0,0.9083333333333333,85.3895,0.4826
Maze5_dense.txt,47.46666666666667,880.365,0.0,4.746666666666667,60.223333333333336,0.0,0.86,165.57528333333332,0.8
