{
  "danger_left": 0.181338,
  "danger_right": 0.181338,
  "danger_up": 0.177335,
  "danger_down": 0.177335,
  "food_left": 0.12395,
  "food_right": 0.12395,
  "food_up": 0.111307,
  "food_down": 0.111307,
  "dist_to_food": 0.004604,
  "dir_x": 0.004289,
  "dir_y": 0.004289
}