{
  "food_left": 0.060269,
  "food_down": 0.050346,
  "danger_up": 0.049982,
  "danger_down": 0.02865,
  "danger_right": 0.02832,
  "food_right": 0.024397,
  "dir_x": 0.017362,
  "dist_to_food": 0.015926,
  "food_up": 0.013922,
  "danger_left": 0.008001,
  "dir_y": 0.00333
}